Employee_ID,First Name,Last Name,Age,Salary,Department,Join_Year
1001,Rahul,Singh,41.4468085106383,88144.0,Sales,2023
1002,Isha,Patel,25.0,67445.0,HR,2021
1003,Vikram,Mehta,52.0,45385.0,Marketing,2020
1004,Neha,Mehta,42.0,111556.0,Marketing,2020
1005,Isha,Deshmukh,24.0,74785.0,Sales,2023
1006,Ananya,Deshmukh,35.0,93817.0,Marketing,2020
1007,Isha,Singh,53.0,111556.0,IT,2021
1008,Kunal,Kulkarni,25.0,80499.0,Sales,2019
1009,Vikram,Pawar,52.0,45385.0,Operations,2023
1010,Ananya,Patel,49.0,105493.0,Marketing,2024
1011,Ananya,Deshmukh,58.0,45385.0,IT,2020
1012,Vikram,Pawar,31.0,105686.0,Sales,2019
1013,Sneha,Shah,52.0,86370.0,Marketing,2024
1014,Aarav,Pawar,59.0,59364.0,Marketing,2024
1015,Ananya,Patel,41.4468085106383,112887.0,Operations,2026
1016,Rahul,Singh,34.0,45279.0,Sales,2025
1017,Sneha,Mehta,41.0,46974.0,Sales,2024
1018,Ananya,Mehta,56.0,93384.0,IT,2025
1019,Rohan,Shah,41.4468085106383,99793.0,HR,2024
1020,Neha,Pawar,37.0,45385.0,Sales,2024
1021,Priya,Shah,59.0,43240.0,Sales,2022
1022,Rohan,Gupta,34.0,107844.0,Marketing,2024
1023,Aarav,Mehta,43.0,80499.0,HR,2024
1024,Vikram,Patel,47.0,114445.0,HR,2022
1025,Rohan,Patel,43.0,71264.0,Marketing,2020
1026,Kunal,Deshmukh,40.0,100706.0,Sales,2020
1027,Sneha,Singh,23.0,114185.0,IT,2018
1028,Aarav,Pawar,50.0,59364.0,Finance,2020
1029,Ananya,Shah,41.0,112384.0,IT,2019
1030,Rohan,Shah,22.0,51152.0,IT,2019
1031,Priya,Patel,34.0,80101.0,HR,2020
1032,Neha,Singh,46.0,109334.0,Sales,2020
1033,Priya,Gupta,51.0,80181.0,Sales,2025
1034,Rahul,Sharma,23.0,53176.0,Sales,2024
1035,Isha,Sharma,35.0,57963.0,Marketing,2021
1036,Rohan,Gupta,36.0,70812.0,Marketing,2019
1037,Priya,Sharma,24.0,69150.0,IT,2024
1038,Rohan,Pawar,48.0,53378.0,Marketing,2023
1039,Sneha,Sharma,36.0,69201.0,Operations,2020
1040,Kunal,Patel,54.0,80499.0,Operations,2018
1041,Rohan,Deshmukh,59.0,92975.0,Operations,2022
1042,Rahul,Singh,46.0,57292.0,HR,2023
1043,Rahul,Sharma,45.0,105081.0,IT,2024
1044,Isha,Patel,48.0,80499.0,Finance,2024
1045,Aarav,Singh,43.0,97973.0,HR,2020
1046,Isha,Joshi,26.0,43941.0,Finance,2022
1047,Sneha,Shah,25.0,62958.0,Marketing,2018
1048,Neha,Pawar,34.0,113457.0,Finance,2018
1049,Aarav,Pawar,51.0,111100.0,Operations,2022
1050,Rahul,Pawar,57.0,116224.0,Finance,2025
